{
    "Vanilla": {
        "0.1": {
            "BLEU": [
                7.095901029414357,
                6.429039731749771,
                5.208755944180133,
                14.659359922339949,
                12.63168474744313,
                7.802079141280754,
                7.114932167552368,
                15.954960213875868,
                8.65787195495775,
                23.312401048791536,
                17.35004482270555,
                6.684994338194587,
                8.974577734828564,
                0.0,
                8.150118877686872,
                8.132822584127268,
                12.481079118657696,
                4.260105676758393,
                0.0,
                10.257005743994592,
                5.07468366894044,
                8.169597949598957,
                13.045476652946265,
                14.34829981540221,
                7.764331852191651,
                5.85081857231294
            ],
            "ROUGE-1": [
                43.0,
                45.55984555984555,
                36.16236162361624,
                55.24861878453038,
                61.67400881057269,
                40.41450777202073,
                39.263803680981596,
                46.835443037974684,
                40.6015037593985,
                63.30935251798561,
                55.587392550143264,
                47.651006711409394,
                48.73949579831933,
                44.537815126050425,
                33.33333333333333,
                42.926829268292686,
                47.27272727272727,
                40.816326530612244,
                38.21656050955414,
                46.728971962616825,
                44.680851063829785,
                50.410958904109584,
                47.926267281105986,
                51.80722891566264,
                34.78260869565217,
                43.657817109144545
            ],
            "ROUGE-2": [
                19.191919191919194,
                14.785992217898833,
                12.639405204460965,
                25.69832402234637,
                28.444444444444443,
                15.706806282722512,
                16.149068322981368,
                19.230769230769234,
                12.878787878787879,
                36.95652173913043,
                22.478386167146972,
                16.216216216216218,
                17.796610169491526,
                11.864406779661016,
                13.235294117647062,
                16.666666666666664,
                19.780219780219785,
                13.013698630136988,
                10.256410256410255,
                16.037735849056602,
                16.42857142857143,
                20.936639118457297,
                23.25581395348837,
                24.390243902439025,
                10.731707317073171,
                16.61721068249258
            ],
            "ROUGE-L": [
                31.0,
                27.027027027027025,
                18.450184501845023,
                37.569060773480665,
                44.93392070484582,
                29.015544041450774,
                25.76687116564417,
                37.974683544303794,
                18.045112781954884,
                54.67625899280575,
                33.81088825214899,
                21.476510067114095,
                31.092436974789916,
                23.52941176470588,
                23.188405797101453,
                26.82926829268293,
                31.272727272727273,
                22.448979591836736,
                24.203821656050952,
                36.44859813084112,
                28.368794326241137,
                31.232876712328768,
                31.33640552995392,
                38.554216867469876,
                20.289855072463766,
                28.908554572271385
            ],
            "BERT": [
                27.142122387886047,
                23.72330129146576,
                18.52927803993225,
                27.689099311828613,
                33.02527070045471,
                35.688039660453796,
                23.78665953874588,
                32.93217718601227,
                23.233960568904877,
                38.85283172130585,
                37.91115880012512,
                35.804301500320435,
                42.29443073272705,
                27.00513005256653,
                23.17311018705368,
                23.20139855146408,
                35.63813865184784,
                11.879626661539078,
                15.971007943153381,
                40.497222542762756,
                22.643615305423737,
                27.454209327697754,
                31.645289063453674,
                44.485729932785034,
                23.728634417057037,
                17.609962821006775
            ]
        }
    }
}